dataset,model,seed,fold,bucket,n_kcs,n_events,auc,acc,nll,rmse,ece,brier,uncertainty,reliability,resolution
xes3g5m,irt_1pl,42,0,dense,498,1267014,0.5,0.8007670002067854,0.4994295153535331,0.39946093368028446,0.005461313954814528,0.15956903753672463,0.15953921158661158,2.98259501130519e-05,0.0
xes3g5m,irt_1pl,42,0,medium,172,13137,0.5,0.7909720636370556,0.5127232898330534,0.4066374779428991,0.004333622614915211,0.16535403846776175,0.16533525818279324,1.8780284968504553e-05,0.0
xes3g5m,irt_1pl,42,0,sparse,122,2164,0.5,0.7536968576709797,0.5633135288063267,0.432861639584467,0.04160882858099102,0.187369199023753,0.18563790440787067,0.0017312946158822952,0.0
xes3g5m,irt_1pl,42,0,very_sparse,37,103,0.5,0.7087378640776699,0.6243322722561525,0.4625175585167482,0.08656782217430048,0.2139224919362936,0.2064285041002922,0.0074939878360013095,0.0
xes3g5m,irt_1pl,42,0,strict_cold_start,3,4,,1.0,0.22902872722445036,0.20469431374802916,0.20469431374802916,0.0418997620807766,0.0,0.0418997620807766,0.0
xes3g5m,dkt,42,0,dense,498,1267014,0.8165549474801496,0.8339592143417516,0.38751776696490453,0.3480890181016727,0.03811151201475178,0.12116596452298661,0.15953921158661158,0.002820379910921053,0.0406631068522024
xes3g5m,dkt,42,0,medium,172,13137,0.8641347458579309,0.8511836796833372,0.41739999296284847,0.3389579738315335,0.0769892282122015,0.11489250802397855,0.16533525818279324,0.009681836828041293,0.05897705874846039
xes3g5m,dkt,42,0,sparse,122,2164,0.8516661816148888,0.8174676524953789,0.6358045633708659,0.37884741505665237,0.12097409752316596,0.14352536389510745,0.18563790440787067,0.019166498880249724,0.05974526761117427
xes3g5m,dkt,42,0,very_sparse,37,103,0.8744292237442922,0.8446601941747572,0.777924575902615,0.3619733834154486,0.14545812411715908,0.13102473030122735,0.2064285041002922,0.03826062551941148,0.11354643386892475
xes3g5m,dkt,42,0,strict_cold_start,3,4,,0.75,0.6905407524010334,0.4986870330338583,0.4981369227170944,0.24868875691611247,0.0,0.24860119025724037,0.0
xes3g5m,simplekt,42,0,dense,498,1267014,0.7513665846746478,0.8095261772955942,0.6303078753233756,0.3920488513729214,0.11585130419579771,0.153702301862827,0.15953921158661158,0.017872367020296685,0.02278903103480726
xes3g5m,simplekt,42,0,medium,172,13137,0.8343091390295667,0.841744690568623,0.5871539324141035,0.3616903869889247,0.10645973326310039,0.13081993604019812,0.16533525818279324,0.015475255284892693,0.04893643444433235
xes3g5m,simplekt,42,0,sparse,122,2164,0.8364658475618384,0.8133086876155268,0.735807479241165,0.39109525227579006,0.1302350868615305,0.15295549635266387,0.18563790440787067,0.022605891246370764,0.054163294502011614
xes3g5m,simplekt,42,0,very_sparse,37,103,0.8335616438356164,0.8349514563106796,1.022118696276904,0.3950255933645096,0.1713433534199512,0.1560452194129829,0.2064285041002922,0.034394649416040125,0.0823044900640558
xes3g5m,simplekt,42,0,strict_cold_start,3,4,,0.5,0.6463325159855016,0.4815517597167895,0.4592488259077072,0.23189209728633653,0.0,0.23179727381663984,0.0
xes3g5m,irt_1pl,2024,1,dense,499,1269206,0.5,0.7955879502618173,0.5064583794418706,0.4032713503795409,0.00013556150259574906,0.16262778203693845,0.16262776366001744,1.837692098601728e-08,0.0
xes3g5m,irt_1pl,2024,1,medium,172,12772,0.5,0.7854682117131224,0.5202189708882383,0.41062521997614065,0.010255300051290495,0.16861307128045389,0.16850790010131192,0.00010517117914199882,0.0
xes3g5m,irt_1pl,2024,1,sparse,121,2014,0.5,0.7666335650446872,0.5458298971581125,0.42397260169935164,0.029089946719725757,0.17975276699171708,0.17890654199156059,0.0008462250001564833,0.0
xes3g5m,irt_1pl,2024,1,very_sparse,40,132,0.5,0.7878787878787878,0.516941123974856,0.4088854890825566,0.007844723885625182,0.16718734318228154,0.16712580348943987,6.153969284169826e-05,0.0
xes3g5m,irt_1pl,2024,1,strict_cold_start,4,4,0.5,0.5,0.9083921843964162,0.5809065289788685,0.29572351176441314,0.33745239541027705,0.25,0.087452395410277,0.0
xes3g5m,dkt,2024,1,dense,499,1269206,0.8182625933471662,0.8319855090505403,0.39065203949993077,0.3498609774196838,0.037670223422305235,0.12240270352105652,0.16262776366001744,0.0025470192313826654,0.04223544261214451
xes3g5m,dkt,2024,1,medium,172,12772,0.8576128105391215,0.8380833072345756,0.4367042130373108,0.34652820439643367,0.07951149321430269,0.12008179644221652,0.16850790010131192,0.011419568522914925,0.058893913404783095
xes3g5m,dkt,2024,1,sparse,121,2014,0.8678963179362804,0.836643495531281,0.5500132045261574,0.36327214637204375,0.10891840556453955,0.13196665232975158,0.17890654199156059,0.018587252991603246,0.06415290753699175
xes3g5m,dkt,2024,1,very_sparse,40,132,0.8962912087912087,0.8560606060606061,0.5812613338267263,0.3433705484649944,0.11382869424542978,0.11790333355315105,0.16712580348943987,0.023899880523856498,0.07166461263351216
xes3g5m,dkt,2024,1,strict_cold_start,4,4,0.5,0.25,0.7367118330719118,0.5213453177994942,0.5138893872499466,0.27180094039145564,0.25,0.27180094039145564,0.25
xes3g5m,simplekt,2024,1,dense,499,1269206,0.7530952941784127,0.8051829253879985,0.6289853334590376,0.39508583299020833,0.11714675688669882,0.1560928154295668,0.16262776366001744,0.018217846604656925,0.023856729732358604
xes3g5m,simplekt,2024,1,medium,172,12772,0.8352755489004529,0.8351080488568744,0.588995421055705,0.3657162793346831,0.10918030697254162,0.13374839697040394,0.16850790010131192,0.016715056065276054,0.050222811476550146
xes3g5m,simplekt,2024,1,sparse,121,2014,0.8591624407452321,0.8242303872889771,0.6132583269049724,0.379232266885109,0.12241314110544704,0.14381711224681856,0.17890654199156059,0.0227667250788132,0.05667646959410205
xes3g5m,simplekt,2024,1,very_sparse,40,132,0.8798076923076923,0.8257575757575758,0.7268589986769229,0.3705355760613709,0.13436499630795706,0.13729661312713196,0.16712580348943987,0.04063875872241526,0.06952173864747178
xes3g5m,simplekt,2024,1,strict_cold_start,4,4,0.5,0.75,0.6766846348567288,0.48169879481517064,0.42083101719617844,0.23203372892638785,0.25,0.23203372892638785,0.25
xes3g5m,irt_1pl,2025,2,dense,497,1270099,0.5,0.7945577470732597,0.5078674358887896,0.4040294012312219,0.002005846488165819,0.1632397570592597,0.16323573363912558,4.0234201340871485e-06,0.0
xes3g5m,irt_1pl,2025,2,medium,174,12780,0.5,0.7803599374021909,0.5272467860400007,0.4143197605386042,0.01620365615923447,0.1716608639727663,0.17139830549983961,0.0002625584729266972,0.0
xes3g5m,irt_1pl,2025,2,sparse,121,1907,0.5,0.7461982170949135,0.5738759460963941,0.43809029782214914,0.050365376466511735,0.19192310904589935,0.18938643789928583,0.0025366711466134543,0.0
xes3g5m,irt_1pl,2025,2,very_sparse,35,88,0.5,0.7159090909090909,0.6152191952121637,0.45813580220378475,0.08065450265233454,0.20988841326090538,0.2033832644628099,0.006505148798095438,0.0
xes3g5m,irt_1pl,2025,2,strict_cold_start,3,3,0.5,0.3333333333333333,1.137417318527859,0.6609118672056117,0.46323026022809205,0.4368044962132081,0.22222222222222224,0.21458227399098587,0.0
xes3g5m,dkt,2025,2,dense,497,1270099,0.8174156364819116,0.8306210775695438,0.3920832476397566,0.3508171417018026,0.03761977079682218,0.12307266691182266,0.16323573363912558,0.002686756022570295,0.04232380120978746
xes3g5m,dkt,2025,2,medium,174,12780,0.8599094648532869,0.8417057902973396,0.42788446676170966,0.34619107102179836,0.07680148170121065,0.11984825765521982,0.17139830549983961,0.009624086078382452,0.06036323411423968
xes3g5m,dkt,2025,2,sparse,121,1907,0.8520491279626908,0.8217094913476665,0.6299405803403589,0.3766710584825838,0.11045891999273852,0.14188108629839005,0.18938643789928583,0.016763223649554026,0.06317626171743183
xes3g5m,dkt,2025,2,very_sparse,35,88,0.7473015873015872,0.7159090909090909,1.3024530111287944,0.4925972482086887,0.2544752302666056,0.2426520489427725,0.2033832644628099,0.08880262081280867,0.04741007098961644
xes3g5m,dkt,2025,2,strict_cold_start,3,3,0.0,0.3333333333333333,0.7766042878064562,0.53947719213496,0.21276015043258667,0.2910356408338206,0.22222222222222224,0.12382125493039453,0.05555555555555556
xes3g5m,simplekt,2025,2,dense,497,1270099,0.7514742959361833,0.8029027658473867,0.6404223976995002,0.39722512634774887,0.11879153819861912,0.15778780100198506,0.16323573363912558,0.01904420887070477,0.023617384806816785
xes3g5m,simplekt,2025,2,medium,174,12780,0.8309141486430891,0.8311424100156495,0.620126436349954,0.3728948201272157,0.11505560667732032,0.13905054687770854,0.17139830549983961,0.01767231973523975,0.04877359865779522
xes3g5m,simplekt,2025,2,sparse,121,1907,0.8386745497522984,0.815416885159937,0.6634816721169852,0.38648999896231767,0.12061393852237834,0.1493745192978923,0.18938643789928583,0.018625261736417046,0.057289317042229795
xes3g5m,simplekt,2025,2,very_sparse,35,88,0.7165079365079364,0.7272727272727273,1.5459556956852618,0.4987472652108225,0.259562608958898,0.24874883455527455,0.2033832644628099,0.08510064202772562,0.03967859481551732
xes3g5m,simplekt,2025,2,strict_cold_start,3,3,0.5,0.3333333333333333,0.9193569054851602,0.5996639746048765,0.5293059001366297,0.35959688243891796,0.22222222222222224,0.35959688243891796,0.22222222222222224
xes3g5m,irt_1pl,2026,3,dense,497,1270099,0.5,0.7945577470732597,0.5078674358887896,0.4040294012312219,0.002005846488165819,0.1632397570592597,0.16323573363912558,4.0234201340871485e-06,0.0
xes3g5m,irt_1pl,2026,3,medium,174,12780,0.5,0.7803599374021909,0.5272467860400007,0.4143197605386042,0.01620365615923447,0.1716608639727663,0.17139830549983961,0.0002625584729266972,0.0
xes3g5m,irt_1pl,2026,3,sparse,121,1907,0.5,0.7461982170949135,0.5738759460963941,0.43809029782214914,0.050365376466511735,0.19192310904589935,0.18938643789928583,0.0025366711466134543,0.0
xes3g5m,irt_1pl,2026,3,very_sparse,35,88,0.5,0.7159090909090909,0.6152191952121637,0.45813580220378475,0.08065450265233454,0.20988841326090538,0.2033832644628099,0.006505148798095438,0.0
xes3g5m,irt_1pl,2026,3,strict_cold_start,3,3,0.5,0.3333333333333333,1.137417318527859,0.6609118672056117,0.46323026022809205,0.4368044962132081,0.22222222222222224,0.21458227399098587,0.0
xes3g5m,dkt,2026,3,dense,497,1270099,0.8173523710416173,0.8300274230591473,0.3926779552936273,0.3512443361337665,0.03909718597446495,0.12337258366605033,0.16323573363912558,0.0029778033551219603,0.04233159114911741
xes3g5m,dkt,2026,3,medium,174,12780,0.8581063063359778,0.8400625978090767,0.4321940023563362,0.3477612208536431,0.08044970090699212,0.12093786672961633,0.17139830549983961,0.010433094382577923,0.059893819047120225
xes3g5m,dkt,2026,3,sparse,121,1907,0.8470646056811647,0.8127949659150498,0.6695415274310235,0.38551342627334906,0.11960195707026493,0.14862060183701695,0.18938643789928583,0.01798057452512159,0.057513614944476855
xes3g5m,dkt,2026,3,very_sparse,35,88,0.7441269841269841,0.7272727272727273,1.356262362878859,0.4843125022281558,0.24033845810454713,0.23455859981449745,0.2033832644628099,0.08459673394988104,0.05305121015348288
xes3g5m,dkt,2026,3,strict_cold_start,3,3,0.5,0.6666666666666666,0.6965463698043273,0.5016862945503687,0.17281385262807208,0.25168913813967936,0.22222222222222224,0.029864627660157017,0.0
xes3g5m,simplekt,2026,3,dense,497,1270099,0.7526288447884517,0.8034137496368393,0.6340843394100469,0.396541860778533,0.11853995463992022,0.15724544734970144,0.16323573363912558,0.018798281427517795,0.023876327138515726
xes3g5m,simplekt,2026,3,medium,174,12780,0.8298012221169583,0.8238654147104851,0.611183404541341,0.37814995587177536,0.11794786119836864,0.14299738912582563,0.17139830549983961,0.02000113771734684,0.047267784200263854
xes3g5m,simplekt,2026,3,sparse,121,1907,0.8510828595157478,0.8185631882538018,0.6570214779873456,0.3825840732450889,0.12013326722862919,0.14637057310080356,0.18938643789928583,0.017830550436311876,0.058886943232398875
xes3g5m,simplekt,2026,3,very_sparse,35,88,0.7726984126984128,0.7272727272727273,1.4118068175960086,0.49110822145165983,0.2674386794667085,0.24118728517741256,0.2033832644628099,0.0994955507290589,0.0612341792712719
xes3g5m,simplekt,2026,3,strict_cold_start,3,3,1.0,1.0,0.33468634669258884,0.2988678312379635,0.27560634414354956,0.08932198054888385,0.22222222222222224,0.08932198054888385,0.22222222222222224
xes3g5m,irt_1pl,2027,4,dense,498,1271061,0.5,0.7940783329832322,0.5085190874269032,0.40438005226086454,0.00230056442993809,0.16352322666649952,0.16351793406980322,5.292596696296369e-06,0.0
xes3g5m,irt_1pl,2027,4,medium,175,12866,0.5,0.7782527592103218,0.530102228835109,0.41581721811150557,0.018126138202848363,0.1729039588779914,0.17257540199184268,0.0003285568861487589,0.0
xes3g5m,irt_1pl,2027,4,sparse,118,1792,0.5,0.7477678571428571,0.5716779695683564,0.437005860604865,0.048611040270313044,0.19097412220299873,0.18861108896683676,0.0023630332361619963,0.0
xes3g5m,irt_1pl,2027,4,very_sparse,42,134,0.5,0.6940298507462687,0.6449666229654302,0.4720463371036834,0.10234904666690148,0.2228277443730043,0.2123524170193807,0.010475327353623576,0.0
xes3g5m,irt_1pl,2027,4,strict_cold_start,7,9,0.5,0.7777777777777778,0.5307500152327447,0.4161556293317798,0.01860111963539235,0.17318550782452968,0.1728395061728395,0.0003460016516901788,0.0
xes3g5m,dkt,2027,4,dense,498,1271061,0.8185461400757162,0.8316249180802495,0.39089771562468206,0.35013994391907965,0.037126510399544156,0.12259798032765626,0.16351793406980322,0.0024667928188871783,0.04283479586578429
xes3g5m,dkt,2027,4,medium,175,12866,0.8622944395909572,0.8435411161200063,0.4390321906045185,0.34517642296376944,0.07990504159482537,0.11914676297006307,0.17257540199184268,0.009824291574018795,0.062247224736287826
xes3g5m,dkt,2027,4,sparse,118,1792,0.862511557257958,0.8297991071428571,0.6164165944743426,0.3683360079542405,0.11057080115284242,0.13567141475566633,0.18861108896683676,0.016710109935207378,0.0684888931298591
xes3g5m,dkt,2027,4,very_sparse,42,134,0.8422501966955154,0.7910447761194029,0.8892681674983519,0.4088330229568269,0.18512181217666604,0.16714444066001732,0.2123524170193807,0.04651556379597754,0.09103769433649883
xes3g5m,dkt,2027,4,strict_cold_start,7,9,0.7857142857142857,0.5555555555555556,0.6495711438712946,0.4778441483317669,0.36395295129881966,0.22833503009491166,0.1728395061728395,0.1349819270984009,0.08024691358024691
xes3g5m,simplekt,2027,4,dense,498,1271061,0.7534794048494584,0.8037175241786193,0.632468604778244,0.3966346695393026,0.1186851492471533,0.1573190610805518,0.16351793406980322,0.01875194828741637,0.0240228120305522
xes3g5m,simplekt,2027,4,medium,175,12866,0.8347113526337948,0.8290066842841598,0.6255490330552357,0.375073186425215,0.11955344429092998,0.14067989517516405,0.17257540199184268,0.01934763666739954,0.04994138240321507
xes3g5m,simplekt,2027,4,sparse,118,1792,0.8456965724474972,0.8080357142857143,0.7044182943806752,0.3906363703287906,0.12839731384293757,0.15259677382365203,0.18861108896683676,0.02287742916630166,0.05770532580531017
xes3g5m,simplekt,2027,4,very_sparse,42,134,0.8240230789404669,0.7985074626865671,1.0146455077734409,0.4125670574804568,0.16691602724188304,0.17021157691808253,0.2123524170193807,0.04284424335204736,0.08471894974039101
xes3g5m,simplekt,2027,4,strict_cold_start,7,9,0.21428571428571427,0.4444444444444444,1.016438377673476,0.6127395426671675,0.49032682759894264,0.37544974714796947,0.1728395061728395,0.3183985432077174,0.11728395061728396
