dataset,split,fold,covariate,estimator,weighted,cluster,n_obs,n_unique_kc,n_folds,n_splits,coef_std,SE_cluster,CI_lo,CI_hi,p
assist2012,learner_based,0,log1p(f_train),WLS,True,kc_id,260,260,1,1,-0.06321207912070058,0.009250879082456698,-0.08142859157591073,-0.04499556666549043,5.919759998580709e-11
assist2012,learner_based,0,difficulty_proxy,WLS,True,kc_id,260,260,1,1,0.025138572220650746,0.005307427712930173,0.0146873683754866,0.03558977606581489,3.586219309100016e-06
assist2012,learner_based,0,item_support,WLS,True,kc_id,260,260,1,1,-0.005114116101972072,0.002169304129759153,-0.009385835075559835,-0.0008423971283843109,0.01914318214677284
assist2012,learner_based,0,learner_exposure,WLS,True,kc_id,260,260,1,1,0.011295732237150476,0.005229073796183907,0.0009988202260488507,0.0215926442482521,0.03167639086018285
assist2012,learner_based,0,curriculum_position_proxy,WLS,True,kc_id,260,260,1,1,-0.011069810999285747,0.004472709431794646,-0.019877316355975123,-0.002262305642596371,0.013965506580832654
assist2012,learner_based,0,log1p(f_train),OLS,False,kc_id,260,260,1,1,-0.05717655075849016,0.01520386034302113,-0.08711546886965081,-0.02723763264732951,0.00020954406173220462
assist2012,learner_based,0,difficulty_proxy,OLS,False,kc_id,260,260,1,1,0.01618074461136572,0.009596864607948006,-0.0027170706236404746,0.03507855984637191,0.09299136908888501
assist2012,learner_based,0,item_support,OLS,False,kc_id,260,260,1,1,-0.010648542966245716,0.0029670005908509554,-0.016491058335444446,-0.0048060275970469865,0.00039691569530888405
assist2012,learner_based,0,learner_exposure,OLS,False,kc_id,260,260,1,1,0.019969589585820284,0.008729663220396502,0.0027794374536067278,0.03715974171803384,0.022969990865132663
assist2012,learner_based,0,curriculum_position_proxy,OLS,False,kc_id,260,260,1,1,-0.0037666223354649864,0.006586285813933485,-0.016736109504594768,0.009202864833664795,0.5678933914510447
assist2012,temporal,0,log1p(f_train),WLS,True,kc_id,218,218,1,1,-0.06657402917568436,0.011463387967950881,-0.08916786591650701,-0.04398019243486172,2.2353761326764763e-08
assist2012,temporal,0,difficulty_proxy,WLS,True,kc_id,218,218,1,1,0.028181942770645136,0.006805064721124077,0.014769457583048982,0.04159442795824129,4.945861124009608e-05
assist2012,temporal,0,item_support,WLS,True,kc_id,218,218,1,1,-0.004919587474404776,0.0035718267118131143,-0.011959501836444859,0.002120326887635306,0.16982894347323668
assist2012,temporal,0,learner_exposure,WLS,True,kc_id,218,218,1,1,0.015503578646393028,0.007542277294150913,0.0006380796931616233,0.030369077599624435,0.04102244299014037
assist2012,temporal,0,curriculum_position_proxy,WLS,True,kc_id,218,218,1,1,-0.005060675932990744,0.005136843332964308,-0.015185169664918858,0.005063817798937369,0.3256365926244596
assist2012,temporal,0,log1p(f_train),OLS,False,kc_id,218,218,1,1,-0.0603011858992333,0.024800128731170525,-0.10918115587582415,-0.011421215922642447,0.015848281260465676
assist2012,temporal,0,difficulty_proxy,OLS,False,kc_id,218,218,1,1,0.0381697170900263,0.018390115072045195,0.001923603921355134,0.07441583025869747,0.03911355711271136
assist2012,temporal,0,item_support,OLS,False,kc_id,218,218,1,1,-0.012636349883381037,0.005590831591529403,-0.02365563463389348,-0.0016170651328685937,0.024801905082342757
assist2012,temporal,0,learner_exposure,OLS,False,kc_id,218,218,1,1,0.01956668226587435,0.011974721878204761,-0.0040349712670364885,0.043168335798785186,0.10370901736520956
assist2012,temporal,0,curriculum_position_proxy,OLS,False,kc_id,218,218,1,1,-0.00571216077055967,0.012408829947276443,-0.030169422337317117,0.01874510079619778,0.6457400738834453
junyi,learner_based,0,log1p(f_train),WLS,True,kc_id,1326,1326,1,1,-0.0059948682395375855,0.0015114679561894111,-0.008959999551311628,-0.0030297369277635425,7.691555302102558e-05
junyi,learner_based,0,difficulty_proxy,WLS,True,kc_id,1326,1326,1,1,0.0019362747246175493,0.0008725165650089268,0.00022461012970813993,0.003647939319526959,0.026643063783486274
junyi,learner_based,0,item_support,WLS,True,kc_id,1326,1326,1,1,3.58835959083636e-05,0.0005684922252340712,-0.0010793594303423408,0.0011511266221590681,0.9496799552040097
junyi,learner_based,0,learner_exposure,WLS,True,kc_id,1326,1326,1,1,-0.000997912808532164,0.0011552198307625793,-0.003264172227496108,0.0012683466104317798,0.38783797865271546
junyi,learner_based,0,curriculum_position_proxy,WLS,True,kc_id,1326,1326,1,1,-0.006415230627104989,0.0006141194367319515,-0.007619983108668517,-0.00521047814554146,1.3353544355719468e-24
junyi,learner_based,0,log1p(f_train),OLS,False,kc_id,1326,1326,1,1,-0.0181647027581081,0.0017461015088800786,-0.02159012784655596,-0.014739277669660236,2.032706419887357e-24
junyi,learner_based,0,difficulty_proxy,OLS,False,kc_id,1326,1326,1,1,0.0013170408584234773,0.0007876383140563472,-0.0002281133195382837,0.0028621950363852382,0.09473298457406766
junyi,learner_based,0,item_support,OLS,False,kc_id,1326,1326,1,1,-0.00011187927803686071,0.0006833604184698084,-0.0014524656700502683,0.0012287071139765468,0.8699771047221107
junyi,learner_based,0,learner_exposure,OLS,False,kc_id,1326,1326,1,1,0.00656609821433172,0.001947730991455623,0.002745125281344159,0.010387071147319281,0.000770101978827889
junyi,learner_based,0,curriculum_position_proxy,OLS,False,kc_id,1326,1326,1,1,-0.0056047070276324116,0.0006604908442204649,-0.006900428895448674,-0.0043089851598161494,5.660830128348136e-17
junyi,temporal,0,log1p(f_train),WLS,True,kc_id,1319,1319,1,1,-0.00979898622147211,0.0027400445483413876,-0.015174311119854338,-0.004423661323089884,0.00036121836931427335
junyi,temporal,0,difficulty_proxy,WLS,True,kc_id,1319,1319,1,1,0.005822562683076078,0.0017032935463853654,0.002481100145658134,0.009164025220494022,0.0006490887504255568
junyi,temporal,0,item_support,WLS,True,kc_id,1319,1319,1,1,4.342111572731269e-05,0.0009398907278974891,-0.0018004241000317495,0.001887266331486375,0.963159397905062
junyi,temporal,0,learner_exposure,WLS,True,kc_id,1319,1319,1,1,-0.0009325427128568411,0.001494200558618395,-0.0038638138379120646,0.0019987284121983826,0.5326645825599161
junyi,temporal,0,curriculum_position_proxy,WLS,True,kc_id,1319,1319,1,1,-0.0019359815087942622,0.001311210031276992,-0.0045082681281480175,0.0006363051105594928,0.14005270239196999
junyi,temporal,0,log1p(f_train),OLS,False,kc_id,1319,1319,1,1,-0.019761731379306178,0.0026078253345996638,-0.02487767318404468,-0.014645789574567674,6.58980735781136e-14
junyi,temporal,0,difficulty_proxy,OLS,False,kc_id,1319,1319,1,1,0.010324869290528569,0.001515109746651217,0.007352579241490588,0.01329715933956655,1.434115037735523e-11
junyi,temporal,0,item_support,OLS,False,kc_id,1319,1319,1,1,0.0010599090616710562,0.0010669465865903918,-0.0010331899558667797,0.003153008079208892,0.3206954280250145
junyi,temporal,0,learner_exposure,OLS,False,kc_id,1319,1319,1,1,0.0058955770571846675,0.0021356046848013993,0.0017060214376369712,0.010085132676732365,0.005849300421767322
junyi,temporal,0,curriculum_position_proxy,OLS,False,kc_id,1319,1319,1,1,0.00046670890152258107,0.001193848868281174,-0.0018753426357277143,0.0028087604387728765,0.6959136687329623
xes3g5m,learner_based,0,log1p(f_train),WLS,True,kc_id,830,830,1,1,-0.10394293472154646,0.007742768799100724,-0.11914067129502495,-0.08874519814806797,2.5315614165652778e-37
xes3g5m,learner_based,0,difficulty_proxy,WLS,True,kc_id,830,830,1,1,0.012630757553768643,0.0032371001740865574,0.006276881184188458,0.01898463392334883,0.00010318987238426261
xes3g5m,learner_based,0,item_support,WLS,True,kc_id,830,830,1,1,0.007527961560030346,0.0018886892653703728,0.00382078617238487,0.011235136947675823,7.317521356163954e-05
xes3g5m,learner_based,0,learner_exposure,WLS,True,kc_id,830,830,1,1,0.02238065351171466,0.004146893012890679,0.014241008735593894,0.030520298287835427,8.85218598399589e-08
xes3g5m,learner_based,0,curriculum_position_proxy,WLS,True,kc_id,830,830,1,1,-0.01059975663555045,0.0030456762128242094,-0.016577900368317973,-0.004621612902782925,0.0005270721629359244
xes3g5m,learner_based,0,log1p(f_train),OLS,False,kc_id,830,830,1,1,-0.03262413555319847,0.011375252220964478,-0.0549518184786105,-0.010296452627786445,0.004235685442942902
xes3g5m,learner_based,0,difficulty_proxy,OLS,False,kc_id,830,830,1,1,0.04044089119631169,0.006715868361592606,0.027258785302423018,0.05362299709020036,2.5916685988527435e-09
xes3g5m,learner_based,0,item_support,OLS,False,kc_id,830,830,1,1,-0.002064504752305061,0.0033982929296827204,-0.008734775050293403,0.004605765545683281,0.5436773521717808
xes3g5m,learner_based,0,learner_exposure,OLS,False,kc_id,830,830,1,1,0.016963461309226446,0.008432510740447853,0.0004118787666560278,0.033515043851796864,0.04457748077074128
xes3g5m,learner_based,0,curriculum_position_proxy,OLS,False,kc_id,830,830,1,1,-0.01450204184281132,0.004022028091339768,-0.02239659804219204,-0.006607485643430597,0.00032997464509791955
xes3g5m,temporal,0,log1p(f_train),WLS,True,kc_id,433,433,1,1,-0.016868433192215763,0.016085830462374814,-0.04848465857655805,0.014747792192126522,0.2949247721663844
xes3g5m,temporal,0,difficulty_proxy,WLS,True,kc_id,433,433,1,1,0.04918269503381621,0.011847901498449259,0.02589599404671922,0.07246939602091321,3.986213969609901e-05
xes3g5m,temporal,0,item_support,WLS,True,kc_id,433,433,1,1,-0.018584326987373005,0.008552590255786648,-0.03539419090949717,-0.001774463065248838,0.030327084179461544
xes3g5m,temporal,0,learner_exposure,WLS,True,kc_id,433,433,1,1,0.008940979350682198,0.013258739037130316,-0.01711868121148704,0.03500063991285143,0.500451972615369
xes3g5m,temporal,0,curriculum_position_proxy,WLS,True,kc_id,433,433,1,1,0.00015559786667454804,0.009341829161535161,-0.018205491849144377,0.018516687582493474,0.9867187080156303
xes3g5m,temporal,0,log1p(f_train),OLS,False,kc_id,433,433,1,1,-0.00716331312735987,0.018601627019453698,-0.04372426245093579,0.029397636196216048,0.700359761679588
xes3g5m,temporal,0,difficulty_proxy,OLS,False,kc_id,433,433,1,1,0.056882558287555056,0.013721227218157878,0.029913890844879186,0.08385122573023093,4.080809523686389e-05
xes3g5m,temporal,0,item_support,OLS,False,kc_id,433,433,1,1,-0.004843031436568549,0.011957736193272854,-0.02834560927719111,0.01865954640405401,0.6856688741349991
xes3g5m,temporal,0,learner_exposure,OLS,False,kc_id,433,433,1,1,0.0017957445376154324,0.015466770344410236,-0.028603736441655203,0.03219522551688607,0.9076245499755669
xes3g5m,temporal,0,curriculum_position_proxy,OLS,False,kc_id,433,433,1,1,-0.006552250606628998,0.01086342846895029,-0.027903998887476314,0.014799497674218317,0.5467270336801353
