dataset,model,bucket,n_kcs_mean,n_events_mean,auc_mean,acc_mean,nll_mean,rmse_mean,ece_mean,brier_mean,uncertainty_mean,reliability_mean,resolution_mean,n_kcs_std,n_events_std,auc_std,acc_std,nll_std,rmse_std,ece_std,brier_std,uncertainty_std,reliability_std,resolution_std,n_partitions
assist2012,dkt,dense,146.5,523971.25,0.6967696818413968,0.7185214609372095,0.5806101363867195,0.4394363633244142,0.06023880202426484,0.193105216874582,0.21029443691055671,0.005271715113781087,0.02225211191652647,1.2909944487358056,11453.53544762489,0.0013733306867931782,0.0013767496895824877,0.003993721841766608,0.0010872027552644198,0.002209888039199679,0.0009566649679569744,0.0002683565004891184,0.0005164126656357341,0.0003888651631244984,4
assist2012,dkt,medium,68.25,5963.0,0.7573819924906657,0.689695828740534,0.803747641893835,0.47904648160865293,0.16214330224478135,0.22969313189954566,0.24840887279092538,0.030107768870970306,0.047923112584497704,1.2583057392117911,539.0924472357841,0.014124315118990826,0.016163676649177346,0.08671495470238968,0.015102115914083192,0.025626580872254633,0.014416595545188612,0.0012768890377661466,0.008588612781773697,0.005279220168888906,4
assist2012,dkt,sparse,38.5,415.25,0.7286631460664809,0.6977597065515926,1.156822043871583,0.5001066269656894,0.23328866958437133,0.25018691581167957,0.233673387001529,0.06238729658827427,0.045122263427995246,1.290994448735806,32.18048062620155,0.01063034255974644,0.022439255822835943,0.06871862318996082,0.009859102918897616,0.008376460024870719,0.009820752318423314,0.012900539307857114,0.003758978721426942,0.0036854221425175024,4
assist2012,dkt,strict_cold_start,1.0,4.0,,0.5,0.7013106811193742,0.5016990752603808,0.5013766624033451,0.2540149807715272,0.0,0.2538825985160748,0.0,,,,,,,,,,,,1
assist2012,dkt,very_sparse,6.5,16.5,0.9369318181818183,0.8183899433899433,0.597391559243526,0.3664633158847727,0.17818880944384696,0.146407603916291,0.2458716219954981,0.08621804629824463,0.1848543984782746,0.5773502691896257,5.259911279353167,0.052955845997815484,0.06845234403951865,0.3957705160616279,0.12205520249105853,0.06657416651169251,0.07864654678431884,0.006164136805321749,0.042786003353238275,0.04496297134052101,4
assist2012,irt_1pl,dense,146.5,523971.25,0.5,0.6992616950401619,0.61151147890224,0.4585895635896163,0.0031172296126271426,0.21030445021295546,0.21029443691055671,1.0013302398699193e-05,0.0,1.2909944487358056,11453.53544762489,0.0,0.0006732796989810922,0.0005590605051867087,0.00028839704287912795,0.0006284180570921734,0.0002645044033202202,0.0002683565004891184,3.86983133994897e-06,0.0,4
assist2012,irt_1pl,medium,68.25,5963.0,0.5,0.5363479538737099,0.746569499019177,0.5236187947003159,0.1597965115538248,0.2742144416779883,0.24840887279092538,0.025805568887062917,0.0,1.2583057392117911,539.0924472357841,0.0,0.018972030580805613,0.01575291148105896,0.007099250155405197,0.018996272697251456,0.007453086101638936,0.0012768890377661466,0.006213781970796095,0.0,4
assist2012,irt_1pl,sparse,38.5,415.25,0.5,0.6183985953177469,0.6785551172388247,0.49159258601954325,0.07774587010978787,0.24202942218276868,0.233673387001529,0.008356035181239636,0.0,1.290994448735806,32.18048062620155,0.0,0.05547835163683689,0.04599950955718129,0.022095295227314262,0.05551714284328916,0.021766795987542654,0.012900539307857114,0.009026855479955607,0.0,4
assist2012,irt_1pl,strict_cold_start,1.0,4.0,,0.0,1.1915236678432282,0.6962419151353444,0.6962419151353444,0.4847528043913321,0.0,0.4847528043913321,0.0,,,,,,,,,,,,1
assist2012,irt_1pl,very_sparse,6.5,16.5,0.5,0.4716949716949717,0.800173654820599,0.5469543006589289,0.22444949373256307,0.2995798495449424,0.2458716219954981,0.05370822754944426,0.0,0.5773502691896257,5.259911279353167,0.0,0.06660533889665231,0.05525740302349689,0.023688042993443563,0.06663985106666419,0.026145989840514666,0.006164136805321749,0.03191914225617191,0.0,4
assist2012,simplekt,dense,146.5,523971.25,0.682201014831929,0.6996706427556917,0.699778273909553,0.4600259108973598,0.1135585221010694,0.21162810522475367,0.21029443691055671,0.020063747524783442,0.018600089432518896,1.2909944487358056,11453.53544762489,0.002448945016475056,0.0032713517830260876,0.005325997697570342,0.0021106894466028903,0.006585063323531242,0.0019435017739405723,0.0002683565004891184,0.0014586452400048048,0.00043229667917402766,4
assist2012,simplekt,medium,68.25,5963.0,0.7546394710915263,0.6912112820508349,0.8028420458017153,0.47656449980847404,0.1541182367155132,0.22717521556444967,0.24840887279092538,0.027325323547768385,0.04784265632176133,1.2583057392117911,539.0924472357841,0.01532358336242468,0.012988905309258423,0.03132048803651798,0.009017858361486896,0.005062647512604301,0.008603679128760294,0.0012768890377661466,0.0020967995427165257,0.0053479912891128455,4
assist2012,simplekt,sparse,38.5,415.25,0.7167402282811565,0.6962010464306905,1.1446179886053702,0.502420951429226,0.2280319869219327,0.2525267097236207,0.233673387001529,0.05935065543664102,0.039245882175782745,1.290994448735806,32.18048062620155,0.0224915214200798,0.010811225065142864,0.08526823232477464,0.011512892047072693,0.01972837426013932,0.011553521512186363,0.012900539307857114,0.010434305927548753,0.008848281481300143,4
assist2012,simplekt,strict_cold_start,1.0,4.0,,0.375,0.7471175574774,0.5251613287702392,0.5224095284938812,0.27612267162347615,0.0,0.2758393542173071,0.0,,,,,,,,,,,,1
assist2012,simplekt,very_sparse,6.5,16.5,0.8270833333333333,0.761030636030636,0.9107799829451673,0.46327526381227085,0.2451216575779887,0.21648623381414234,0.2458716219954981,0.08522305575043335,0.1148452409691171,0.5773502691896257,5.259911279353167,0.05027615428434749,0.05360225845488088,0.17433911535792596,0.04981798065345651,0.05110840851798092,0.04614294343522793,0.006164136805321749,0.03442189952949945,0.02768756869956074,4
junyi,dkt,dense,1295.0,3226541.25,0.7321813986569684,0.7344662614732376,0.5434404165057031,0.4246779740692019,0.03887501664666143,0.18035206788527053,0.20778378346746398,0.0022106363866658176,0.029405366259868247,4.3204937989386,46505.32030764509,0.0009532951808731311,0.0015404301256825644,0.0022118052410779526,0.0009455239958426493,0.0021860789772982585,0.00080329487173078,0.0007243933122583097,0.0002028264462268145,0.0002093238519782143,4
junyi,dkt,medium,31.0,3706.25,0.6054111493480957,0.5838740973357373,1.071913045327268,0.5546287161075165,0.2513404662671113,0.30773823440346026,0.24323082960346135,0.07407270601251682,0.009101207886363455,4.320493798938574,1311.567605323238,0.029918667680015387,0.01719172797848294,0.06927319928720882,0.012891836049484195,0.021705268090572282,0.014436850616916672,0.0012949623871228437,0.012258651312621254,0.0032890667522514176,4
junyi,irt_1pl,dense,1295.0,3226541.25,0.5,0.7054602020374872,0.6061829649437434,0.45584256939372314,0.002574471700041464,0.20779290867923958,0.20778378346746398,9.125211775579066e-06,0.0,4.3204937989386,46505.32030764509,0.0,0.001759511769781173,0.0015156251377846277,0.0007836732042575627,0.0018247583369731197,0.000714188886937505,0.0007243933122583097,1.0257622709639062e-05,0.0,4
junyi,irt_1pl,medium,31.0,3706.25,0.5,0.5819607561296296,0.7125227638790208,0.5078348093165681,0.12092497420781617,0.25790428062985044,0.24323082960346135,0.014673451026389044,0.0,4.320493798938574,1311.567605323238,0.0,0.008294966441406704,0.007093829968909083,0.0032837125849395996,0.008213942555438855,0.00334543963230339,0.0012949623871228437,0.002051362998480491,0.0,4
junyi,simplekt,dense,1295.0,3232614.25,0.7231197455428275,0.7275034660086915,0.6069448837314952,0.43398689349248215,0.07922214845187261,0.18835304069533798,0.20791785669854168,0.008438009249506297,0.027851547339484736,4.3204937989386,50455.593290040735,0.003035613988069169,0.0014606936599490914,0.014500023172142513,0.002354686728530893,0.005137941300925331,0.0020488430575988986,0.0002834845011566896,0.0015005214490133685,0.0008207239803091731,4
junyi,simplekt,medium,31.0,3836.25,0.6865332899720411,0.6441584745585807,0.6866210482280491,0.4802537990899972,0.10731820399468095,0.23073057594068494,0.24165486452055127,0.014931193072122883,0.02604895983312686,4.320493798938574,1181.4520373957914,0.02413310150381957,0.019105183238503673,0.029129440742222273,0.010625769976755801,0.01558346051669212,0.010288638083803684,0.003848088334705989,0.004610450652216617,0.005755765781893821,4
xes3g5m,dkt,dense,498.0,1268695.625,0.8169473619350158,0.8325851592746832,0.39157514132632354,0.3493926591954629,0.03881260956419881,0.1220826534999121,0.1613833143356923,0.0027086728379776444,0.04147499244758202,0.816496580927726,1946.3852554157857,0.00200899100403493,0.003147792510067398,0.007259448747240905,0.003050391413461099,0.0022669290065069907,0.0021329724873379676,0.002135564206051156,0.00037021727377667754,0.0003815609911628268,4
xes3g5m,dkt,medium,173.25,12980.25,0.8578347747076505,0.8429386789769803,0.4972900071607004,0.35057428511572963,0.09058894557594409,0.12309872591666647,0.16808985462171283,0.013255577030256956,0.057098406720281415,1.5000000000000007,119.38557981040535,0.006708791999123752,0.00910497671686429,0.0926298059683958,0.014016775475084774,0.01715527795776918,0.009896654211265279,0.0041227566307470015,0.004399728281074661,0.002352840266404358,4
xes3g5m,dkt,sparse,120.5,2009.875,0.857064865642641,0.828606283620335,0.7221784600901527,0.3755930729572614,0.11869649828621329,0.14124690315821875,0.18644199178352563,0.019512636502456857,0.06368262498377505,1.7320508075688772,169.13228304101693,0.004123920858587607,0.007023950993012629,0.14608491219435968,0.01145429887621052,0.015424768503469813,0.008655257973345496,0.0017518008490190655,0.005690635744641514,0.002404533056709142,4
xes3g5m,dkt,strict_cold_start,3.375,4.125,0.5535714285714286,0.4027777777777778,0.7240167618436076,0.5140521676518275,0.4472361724409792,0.26550104491165094,0.10223765432098765,0.22170265616511625,0.058256172839506175,2.5617376914898995,3.4731109973624514,0.27779194975185795,0.30807045851137266,0.0792460647023891,0.037871938805655196,0.09370692027809306,0.03912720461972392,0.12084673466828884,0.06908775468661767,0.07349714240759296,4
xes3g5m,dkt,very_sparse,39.125,112.25,0.8380549175334866,0.7882059802488002,1.1497272996785421,0.42281556581500257,0.18402017776687646,0.18060889672202401,0.20481201588878986,0.054199906232579205,0.07623894873567766,2.0966242709015206,14.591664287073858,0.047867101381133,0.04052800916428613,0.5609590882414489,0.04352944349011598,0.03720132310712269,0.03644457384316065,0.008646667156820834,0.020233041652282242,0.019164035859353695,4
xes3g5m,irt_1pl,dense,498.0,1269345.0,0.5,0.7962477576312736,0.5624198322586859,0.43144418758380576,0.15461627641796663,0.18614472687216216,0.16223016073888946,0.02391456613327272,0.0,0.816496580927726,1728.7812662875158,0.0,0.0030779559348608457,0.0016288392844419884,0.0009236682752115164,0.003341297136473645,0.0007962403125233746,0.0018320145953327407,0.001042390287927054,0.0,4
xes3g5m,irt_1pl,medium,173.25,12888.75,0.5,0.7837632429906727,0.569694385842913,0.4355228641900894,0.14213176177736556,0.18968246862548316,0.16945421644394687,0.020228252181536267,0.0,1.5000000000000007,170.8827570782572,0.0,0.005681019095149246,0.0031270661914296473,0.0017524813433559066,0.005979350644618683,0.0015255218878973311,0.003234326991255903,0.0017108896550342813,0.0,4
xes3g5m,irt_1pl,sparse,120.5,1969.25,0.5,0.7535741242383593,0.5872807397781213,0.4452289952029944,0.1119426430250523,0.19823513474320398,0.18563549331638846,0.012599641426815477,0.0,1.7320508075688772,158.3485080447555,0.0,0.009285845885764525,0.005277508184324127,0.0028928817779578946,0.009555877729173596,0.0025700398023962923,0.004768037558723678,0.002198309625777042,0.0,4
xes3g5m,irt_1pl,strict_cold_start,4.25,5.0,0.5,0.6527777777777778,0.6461999240585634,0.4698082283271313,0.23620789016211757,0.22688361485183378,0.16126543209876543,0.06561818275306834,0.0,1.8929694486000912,2.70801280154532,0.0,0.2952818281315181,0.17199057639012166,0.09065571096521073,0.1144494961586658,0.08364372637405612,0.11214581666064298,0.05525431674313971,0.0,4
xes3g5m,irt_1pl,very_sparse,38.5,114.25,0.5,0.7266388984029544,0.6029816761040112,0.4535860103056048,0.08500741718964738,0.20587061009943203,0.19732249726798068,0.008548112831451394,0.0,3.1091263510296048,22.51480994071828,0.0,0.04183001255422029,0.024278485367068142,0.013182885595892571,0.04198177150774901,0.011809564639307933,0.02047267335017187,0.008683764285165822,0.0,4
xes3g5m,simplekt,dense,498.0,1268695.625,0.7546254366968687,0.8063871897313466,0.6200441023809863,0.3932441889299759,0.11447187385878521,0.15465191488441307,0.1613833143356923,0.01788253965359557,0.023708178426669092,0.816496580927726,1946.3852554157857,0.0013181816907319246,0.0036426867715051354,0.01498700055742687,0.0036832312198886255,0.001084639223499232,0.002899327137409323,0.002135564206051156,0.0007816982823040859,0.00023265714735347373,4
xes3g5m,simplekt,medium,173.25,12980.25,0.8337585683988171,0.8368139362564266,0.6178593129214492,0.36742841649018343,0.11144550798154355,0.1350542896748336,0.16808985462171283,0.01688983594634271,0.04876522873907729,1.5000000000000007,119.38557981040535,0.005725198970796341,0.006615911623593851,0.03880137369892862,0.008179363399733209,0.007625545548438039,0.005995057958172204,0.0041227566307470015,0.0020991749303075386,0.0020094224719926957,4
xes3g5m,simplekt,sparse,120.5,2009.875,0.846848678161495,0.818024467037263,0.6965452296939592,0.38422078709435903,0.12480450636518314,0.14765822163553058,0.18644199178352563,0.021528662124304338,0.059250828423577234,1.7320508075688772,169.13228304101693,0.002298152497455308,0.00373968660882584,0.04627675701477144,0.006465404002691604,0.008461461002529974,0.004966308166162295,0.0017518008490190655,0.003135981164550449,0.001185139677617659,4
xes3g5m,simplekt,strict_cold_start,3.375,4.125,0.42857142857142855,0.3194444444444444,1.095340966284437,0.6294111302996348,0.5737829557102587,0.4192191579633797,0.10223765432098765,0.3843776701044131,0.06612654320987654,2.5617376914898995,3.4731109973624514,0.10101525445522111,0.4015786748555822,0.5143350321544593,0.1740471626469953,0.24679090769541615,0.21857911141009395,0.12084673466828884,0.26290473741327947,0.1141108488168882,4
xes3g5m,simplekt,very_sparse,39.125,112.25,0.8405673717192723,0.795847713555745,0.9460673953032076,0.4152045670230041,0.1831929247040238,0.1726527735956594,0.20481201588878986,0.05383512744734539,0.08497557839882494,2.0966242709015206,14.591664287073858,0.023846319189856222,0.01764740165626169,0.06038634374689871,0.013375128163671252,0.011094849699221752,0.011037698153371656,0.008646667156820834,0.007759834046697456,0.02185391406634027,4
