dataset,split,model,seed,bucket,rel_flag,n_kcs,n_events,auc,acc,nll
assist2012,learner_based,irt_1pl,42,dense,R,147,528018,0.5,0.6995878928369866,0.6112410190997554
assist2012,learner_based,irt_1pl,42,medium,R,68,5677,0.5,0.5421877752333979,0.7417330629450973
assist2012,learner_based,irt_1pl,42,sparse,L,38,444,0.5,0.5563063063063063,0.7300281417299953
assist2012,learner_based,irt_1pl,42,very_sparse,I,7,11,0.5,0.4545454545454545,0.8143926373344997
assist2012,learner_based,irt_1pl,2024,dense,R,147,536699,0.5,0.6986430010117403,0.6120239557926609
assist2012,learner_based,irt_1pl,2024,medium,R,68,5597,0.5,0.549580132213686,0.7356295263292938
assist2012,learner_based,irt_1pl,2024,sparse,L,39,443,0.5,0.5869074492099323,0.7046770540528242
assist2012,learner_based,irt_1pl,2024,very_sparse,I,6,9,0.5,0.3333333333333333,0.9149452014390924
assist2012,learner_based,irt_1pl,2025,dense,R,147,521974,0.5,0.6997915604991819,0.6110706636172645
assist2012,learner_based,irt_1pl,2025,medium,R,68,6280,0.5,0.5176751592356688,0.7621299478372988
assist2012,learner_based,irt_1pl,2025,sparse,L,38,407,0.5,0.6584766584766585,0.6453399522911212
assist2012,learner_based,irt_1pl,2025,very_sparse,I,7,20,0.5,0.35,0.9012107190357742
assist2012,learner_based,dkt,42,dense,R,147,528018,0.6977559101398016,0.7189849588460999,0.5780414335979488
assist2012,learner_based,dkt,42,medium,R,68,5677,0.759269759624147,0.6885679055839352,0.7555889365684446
assist2012,learner_based,dkt,42,sparse,L,38,444,0.7259499784212582,0.6779279279279279,1.079184069857949
assist2012,learner_based,dkt,42,very_sparse,I,7,11,1.0,0.9090909090909092,0.1123530415841053
assist2012,learner_based,dkt,2024,dense,R,147,536699,0.6973109306134865,0.7192541815803644,0.5782073305101507
assist2012,learner_based,dkt,2024,medium,R,68,5597,0.7777214957426538,0.7121672324459531,0.7103323654396358
assist2012,learner_based,dkt,2024,sparse,L,39,443,0.7263976460697772,0.6862302483069977,1.14224597126927
assist2012,learner_based,dkt,2024,very_sparse,I,6,9,0.888888888888889,0.6666666666666666,0.6272694303203709
assist2012,learner_based,dkt,2025,dense,R,147,521974,0.6967753880770268,0.7190741301290869,0.5780909065369554
assist2012,learner_based,dkt,2025,medium,R,68,6280,0.7670902794568936,0.6923566878980891,0.7249207258199534
assist2012,learner_based,dkt,2025,sparse,L,38,407,0.7494228497798776,0.7321867321867321,0.9877469174663333
assist2012,learner_based,dkt,2025,very_sparse,I,7,20,0.8461538461538461,0.85,0.7592265178786495
assist2012,learner_based,simplekt,42,dense,R,147,528018,0.6823690269501486,0.6995651663390263,0.6970703604619257
assist2012,learner_based,simplekt,42,medium,R,68,5677,0.7514731136907007,0.6908578474546415,0.8064275545691442
assist2012,learner_based,simplekt,42,sparse,L,38,444,0.7450831295341046,0.7072072072072072,1.0676522205392605
assist2012,learner_based,simplekt,42,very_sparse,I,7,11,0.8333333333333334,0.7272727272727273,0.7608206191756905
assist2012,learner_based,simplekt,2024,dense,R,147,536699,0.6786561173641534,0.6951102945971578,0.6965913290846362
assist2012,learner_based,simplekt,2024,medium,R,68,5597,0.7715615358943264,0.7025192067178846,0.7535473563977677
assist2012,learner_based,simplekt,2024,sparse,L,39,443,0.7027112232030265,0.6817155756207675,1.2357167935456694
assist2012,learner_based,simplekt,2024,very_sparse,I,6,9,1.0,0.8888888888888888,0.2427524351473932
assist2012,learner_based,simplekt,2025,dense,R,147,521974,0.6820134562081691,0.6986784782383797,0.6948905927540948
assist2012,learner_based,simplekt,2025,medium,R,68,6280,0.7527385483847874,0.6878980891719745,0.7966873982144849
assist2012,learner_based,simplekt,2025,sparse,L,38,407,0.725169118436594,0.7027027027027027,1.034569771638408
assist2012,learner_based,simplekt,2025,very_sparse,I,7,20,0.8131868131868132,0.8,0.5466958318588678
assist2012,temporal,irt_1pl,42,dense,R,145,521661,0.5916959535972397,0.6928829258848179,0.6031964490857261
assist2012,temporal,irt_1pl,42,medium,R,29,4558,0.5332490785076992,0.6037735849056604,0.6796515000764624
assist2012,temporal,irt_1pl,42,sparse,R,28,3030,0.6486042123566931,0.5891089108910891,0.6788703288418103
assist2012,temporal,irt_1pl,42,very_sparse,R,43,2250,0.4641190418747243,0.5137777777777778,0.7376917940899651
assist2012,temporal,irt_1pl,2024,dense,R,145,521661,0.5920436430945212,0.6925206216297557,0.6031560578448931
assist2012,temporal,irt_1pl,2024,medium,R,29,4558,0.5362034312157464,0.6037735849056604,0.6798042182466584
assist2012,temporal,irt_1pl,2024,sparse,R,28,3030,0.6487066076621476,0.5884488448844885,0.6787795670386301
assist2012,temporal,irt_1pl,2024,very_sparse,R,43,2250,0.4647656553988574,0.5137777777777778,0.7378382306402296
assist2012,temporal,irt_1pl,2025,dense,R,145,521661,0.592041390555964,0.692399853544735,0.6031493864970766
assist2012,temporal,irt_1pl,2025,medium,R,29,4558,0.5379459415789465,0.6033347959631418,0.680054581996214
assist2012,temporal,irt_1pl,2025,sparse,R,28,3030,0.6485544110035857,0.5894389438943894,0.6797869774147024
assist2012,temporal,irt_1pl,2025,very_sparse,R,43,2250,0.4647924622409383,0.5137777777777778,0.7380305015624157
assist2012,temporal,irt_1pl,2026,dense,R,145,521661,0.5930424089234803,0.6925167877222947,0.6029787652431206
assist2012,temporal,irt_1pl,2026,medium,R,29,4558,0.5362208604203678,0.604870557261957,0.6788047213823154
assist2012,temporal,irt_1pl,2026,sparse,R,28,3030,0.6488048140687426,0.5887788778877888,0.6795191852208278
assist2012,temporal,irt_1pl,2026,very_sparse,R,43,2250,0.4641929637725836,0.5133333333333333,0.7376639217770731
assist2012,temporal,irt_1pl,2027,dense,R,145,521661,0.5916450035347429,0.6922810024134447,0.603393699174492
assist2012,temporal,irt_1pl,2027,medium,R,29,4558,0.5332667127617867,0.6031154014918824,0.6807034658987822
assist2012,temporal,irt_1pl,2027,sparse,R,28,3030,0.648465513261123,0.5874587458745875,0.6798149333557646
assist2012,temporal,irt_1pl,2027,very_sparse,R,43,2250,0.4649638635645463,0.5142222222222222,0.7379548505504164
assist2012,temporal,dkt,42,dense,R,145,521661,0.6619193965278228,0.6942458799871948,0.6256443802774595
assist2012,temporal,dkt,42,medium,R,29,4558,0.5637103044738513,0.5432207108380869,1.1555974911980698
assist2012,temporal,dkt,42,sparse,R,28,3030,0.6244382221196201,0.5742574257425742,1.3583734258826832
assist2012,temporal,dkt,42,very_sparse,R,43,2250,0.5132348628667562,0.5035555555555555,1.0516216833084533
assist2012,temporal,dkt,2024,dense,R,145,521661,0.6639227233096918,0.6948861425331777,0.6246635306970459
assist2012,temporal,dkt,2024,medium,R,29,4558,0.5585340357507845,0.5440982887231242,1.1693290751024836
assist2012,temporal,dkt,2024,sparse,R,28,3030,0.6279415378657839,0.5610561056105611,1.2862774574074778
assist2012,temporal,dkt,2024,very_sparse,R,43,2250,0.4761658742401682,0.4675555555555555,1.249815605569002
assist2012,temporal,dkt,2025,dense,R,145,521661,0.6617184519202476,0.6930612025817533,0.630387306709956
assist2012,temporal,dkt,2025,medium,R,29,4558,0.5723364279398762,0.5677928916191312,1.1071576918038202
assist2012,temporal,dkt,2025,sparse,R,28,3030,0.6315346822208239,0.5996699669966997,1.205405569398046
assist2012,temporal,dkt,2025,very_sparse,R,43,2250,0.4766654562971303,0.4866666666666667,1.0436536850357572
assist2012,temporal,dkt,2026,dense,R,145,521661,0.6616380876248228,0.6942554647558472,0.6289517744495441
assist2012,temporal,dkt,2026,medium,R,29,4558,0.5525729401960929,0.5368582711715665,1.171045628082042
assist2012,temporal,dkt,2026,sparse,R,28,3030,0.5871737778654861,0.5214521452145214,1.207244534523945
assist2012,temporal,dkt,2026,very_sparse,R,43,2250,0.5067175509269075,0.4973333333333333,0.9323094228285872
assist2012,temporal,dkt,2027,dense,R,145,521661,0.6620968325174186,0.6948784747182557,0.6265861433118565
assist2012,temporal,dkt,2027,medium,R,29,4558,0.5684337214509629,0.5666959192628346,1.084225109580624
assist2012,temporal,dkt,2027,sparse,R,28,3030,0.6241361559685292,0.5613861386138614,1.324463062242995
assist2012,temporal,dkt,2027,very_sparse,R,43,2250,0.5311613292619427,0.5217777777777778,1.0597813975901085
assist2012,temporal,simplekt,42,dense,R,145,521661,0.6745145614790187,0.6817799298778325,0.7555906086142046
assist2012,temporal,simplekt,42,medium,R,29,4558,0.6084006305681182,0.5838086880210619,0.9635681364057292
assist2012,temporal,simplekt,42,sparse,R,28,3030,0.6117072276191788,0.6023102310231023,1.6743802562834975
assist2012,temporal,simplekt,42,very_sparse,R,43,2250,0.4745692424792592,0.4773333333333333,1.2653118198281104
assist2012,temporal,simplekt,2024,dense,R,145,521661,0.6759651672864841,0.6799281525741813,0.7458888419088292
assist2012,temporal,simplekt,2024,medium,R,29,4558,0.6031738171516496,0.5765686704695042,0.9629025775531204
assist2012,temporal,simplekt,2024,sparse,R,28,3030,0.6471071464476276,0.5957095709570958,1.2923098321875264
assist2012,temporal,simplekt,2024,very_sparse,R,43,2250,0.5497238489101394,0.5408888888888889,1.3624506882859266
assist2012,temporal,simplekt,2025,dense,R,145,521661,0.6747003424257956,0.6814387121138057,0.7449716745572221
assist2012,temporal,simplekt,2025,medium,R,29,4558,0.612685549261904,0.6035541904344011,0.994225686281934
assist2012,temporal,simplekt,2025,sparse,R,28,3030,0.5962134216042925,0.529042904290429,1.5621458798120482
assist2012,temporal,simplekt,2025,very_sparse,R,43,2250,0.4524767491261375,0.4542222222222222,1.406608765662135
assist2012,temporal,simplekt,2026,dense,R,145,521661,0.674408844259504,0.6828649256892886,0.7553613847763628
assist2012,temporal,simplekt,2026,medium,R,29,4558,0.5898219186396526,0.5787626151820974,1.0267159260035033
assist2012,temporal,simplekt,2026,sparse,R,28,3030,0.6548410173252857,0.6224422442244224,1.4312557045624752
assist2012,temporal,simplekt,2026,very_sparse,R,43,2250,0.5672660839021664,0.5591111111111111,1.2375518083364858
assist2012,temporal,simplekt,2027,dense,R,145,521661,0.6756697656949142,0.6789696757089374,0.7559835180530751
assist2012,temporal,simplekt,2027,medium,R,29,4558,0.6286601329704777,0.6237384817902589,0.9309638597867445
assist2012,temporal,simplekt,2027,sparse,R,28,3030,0.6491829785491144,0.6313531353135313,1.1645851413054202
assist2012,temporal,simplekt,2027,very_sparse,R,43,2250,0.5661089218856745,0.5386666666666666,1.0960386073276494
junyi,learner_based,irt_1pl,42,dense,R,1293,3264405,0.5,0.7045887382233516,0.606933669118022
junyi,learner_based,irt_1pl,42,medium,R,33,4617,0.5,0.569633961446827,0.7230841063599782
junyi,learner_based,irt_1pl,2024,dense,R,1293,3240308,0.5,0.7078351811000683,0.6041354234413293
junyi,learner_based,irt_1pl,2024,medium,R,33,3618,0.5,0.5713101160862355,0.72175200513194
junyi,learner_based,irt_1pl,2025,dense,R,1293,3241826,0.5,0.7037774390112239,0.6076305280114895
junyi,learner_based,irt_1pl,2025,medium,R,33,2668,0.5,0.573088455772114,0.720338865023808
junyi,learner_based,dkt,42,dense,R,1293,3264405,0.7328013668335287,0.7334730218830078,0.5435782527893678
junyi,learner_based,dkt,42,medium,R,33,4617,0.6195222367441603,0.5921594108728612,0.9972330931311364
junyi,learner_based,dkt,2024,dense,R,1293,3240308,0.732634920464428,0.7360115149547513,0.5408844900014899
junyi,learner_based,dkt,2024,medium,R,33,3618,0.6048671877656222,0.5798783858485351,1.0272695318696416
junyi,learner_based,dkt,2025,dense,R,1293,3241826,0.7317274349015339,0.7327404370253061,0.5442965287363434
junyi,learner_based,dkt,2025,medium,R,33,2668,0.5671406366007841,0.5577211394302849,1.055768425579524
junyi,learner_based,simplekt,42,dense,R,1293,3264405,0.7260835732525311,0.7289392707093636,0.595750185668601
junyi,learner_based,simplekt,42,medium,R,33,4617,0.7110288165853714,0.6623348494693524,0.669427087062804
junyi,learner_based,simplekt,2024,dense,R,1293,3264405,0.7252371484501037,0.7285894366661,0.5933058608043508
junyi,learner_based,simplekt,2024,medium,R,33,4617,0.6915099286043694,0.6393762183235867,0.6748291736500299
junyi,learner_based,simplekt,2025,dense,R,1293,3240308,0.7242613211876924,0.7300454154358166,0.5988890272134434
junyi,learner_based,simplekt,2025,medium,R,33,3618,0.6546861631165124,0.6088999447208402,0.7291375671633853
xes3g5m,learner_based,irt_1pl,42,dense,R,498,1267014,0.5,0.8007670002067854,0.5600097463711731
xes3g5m,learner_based,irt_1pl,42,medium,R,172,13137,0.5,0.7909720636370556,0.5657010024495273
xes3g5m,learner_based,irt_1pl,42,sparse,R,122,2164,0.5,0.7536968576709797,0.5873594114668899
xes3g5m,learner_based,irt_1pl,42,very_sparse,L,40,107,0.5,0.719626168224299,0.6071558661990601
xes3g5m,learner_based,irt_1pl,2024,dense,R,498,1269070,0.5,0.7956085952705525,0.5629601946947193
xes3g5m,learner_based,irt_1pl,2024,medium,R,172,12874,0.5,0.7828957588938946,0.5703507253494454
xes3g5m,learner_based,irt_1pl,2024,sparse,R,122,2061,0.5,0.7719553614750121,0.5767108593198313
xes3g5m,learner_based,irt_1pl,2024,very_sparse,L,44,123,0.5,0.7642276422764228,0.5812033222082197
xes3g5m,learner_based,irt_1pl,2025,dense,R,498,1270246,0.5,0.7945476702937856,0.5631094624171492
xes3g5m,learner_based,irt_1pl,2025,medium,R,172,12639,0.5,0.7805997309913759,0.5712606812876967
xes3g5m,learner_based,irt_1pl,2025,sparse,R,122,1902,0.5,0.749211356466877,0.5896041444468535
xes3g5m,learner_based,irt_1pl,2025,very_sparse,I,38,90,0.5,0.7222222222222222,0.6053766779792272
xes3g5m,learner_based,dkt,42,dense,R,498,1267014,0.8189849990177435,0.8355637743545059,0.3854305202462129
xes3g5m,learner_based,dkt,42,medium,R,172,13137,0.865973484813704,0.8538479104818452,0.4199141233757241
xes3g5m,learner_based,dkt,42,sparse,R,122,2164,0.854367709125377,0.8299445471349353,0.6211639055070909
xes3g5m,learner_based,dkt,42,very_sparse,L,40,107,0.8800865800865801,0.8411214953271028,0.7401655051153766
xes3g5m,learner_based,dkt,2024,dense,R,498,1267014,0.817997361012827,0.8349292115162106,0.3856881139901089
xes3g5m,learner_based,dkt,2024,medium,R,172,13137,0.8661862683986921,0.8501941082438913,0.4188175059290188
xes3g5m,learner_based,dkt,2024,sparse,R,122,2164,0.8601055073890833,0.8308687615526802,0.6309516807978621
xes3g5m,learner_based,dkt,2024,very_sparse,L,40,107,0.8683982683982685,0.794392523364486,0.6911145339703352
xes3g5m,learner_based,dkt,2025,dense,R,498,1269070,0.8187065059172097,0.8313489405627743,0.3905531855430391
xes3g5m,learner_based,dkt,2025,medium,R,172,12874,0.866477582021529,0.8478328413857387,0.4234924918973689
xes3g5m,learner_based,dkt,2025,sparse,R,122,2061,0.8745590221592201,0.8549247937894227,0.5106959976334278
xes3g5m,learner_based,dkt,2025,very_sparse,L,44,123,0.8639031548055759,0.8130081300813008,0.7721542931818792
xes3g5m,learner_based,simplekt,42,dense,R,498,1267014,0.7553025950130442,0.8090684080838886,0.6085817115919607
xes3g5m,learner_based,simplekt,42,medium,R,172,13137,0.8409472579182374,0.8455507345664915,0.5668821789076034
xes3g5m,learner_based,simplekt,42,sparse,R,122,2164,0.846252198549906,0.8202402957486137,0.6767805282561737
xes3g5m,learner_based,simplekt,42,very_sparse,L,40,107,0.8515151515151516,0.7850467289719626,0.9201106334244228
xes3g5m,learner_based,simplekt,2024,dense,R,498,1267014,0.7548661933970945,0.8097897892209557,0.6070472749097545
xes3g5m,learner_based,simplekt,2024,medium,R,172,13137,0.8353261124412739,0.839917789449646,0.6012933739947451
xes3g5m,learner_based,simplekt,2024,sparse,R,122,2164,0.8527204502814258,0.8239371534195934,0.6701748875018408
xes3g5m,learner_based,simplekt,2024,very_sparse,L,40,107,0.846969696969697,0.794392523364486,0.8329292066626031
xes3g5m,learner_based,simplekt,2025,dense,R,498,1269070,0.7559661523670771,0.8061950877414169,0.6212926599728826
xes3g5m,learner_based,simplekt,2025,medium,R,172,12874,0.8403427591082329,0.8358707472425043,0.5995658326826475
xes3g5m,learner_based,simplekt,2025,sparse,R,122,2061,0.8535672733594555,0.829209121785541,0.6182348977241675
xes3g5m,learner_based,simplekt,2025,very_sparse,L,44,123,0.8793103448275863,0.7886178861788617,0.7076749418059136
xes3g5m,temporal,irt_1pl,42,dense,R,340,1191744,0.6672757735334761,0.7992681314107728,0.474395663239121
xes3g5m,temporal,irt_1pl,42,medium,R,72,129494,0.5607887946269847,0.6227469998609975,0.6488104278066438
xes3g5m,temporal,irt_1pl,42,sparse,R,11,10079,0.6902873819864543,0.8187320170651851,0.472021815391047
xes3g5m,temporal,irt_1pl,42,very_sparse,R,127,259426,0.5162167561642852,0.7689321810458474,0.6284313510274007
xes3g5m,temporal,irt_1pl,2024,dense,R,340,1191744,0.665722174779606,0.7989492709843725,0.4745513719859192
xes3g5m,temporal,irt_1pl,2024,medium,R,72,129494,0.56178966113003,0.6248474832810786,0.6470792543989086
xes3g5m,temporal,irt_1pl,2024,sparse,R,11,10079,0.6904837162930773,0.8178390713364421,0.4722883976620419
xes3g5m,temporal,irt_1pl,2024,very_sparse,R,127,259426,0.5160726987214814,0.768936035709605,0.6284998598735567
junyi,temporal,irt_1pl,42,dense,R,1235,3072767,0.6483312633031195,0.7207383443001047,0.5692200962187166
junyi,temporal,irt_1pl,42,medium,R,78,151597,0.6487373757242716,0.6219318324241245,0.6581524492063996
junyi,temporal,irt_1pl,42,sparse,R,6,16206,0.617259837899646,0.6703072935949649,0.629127885092134
junyi,temporal,irt_1pl,42,very_sparse,R,4,2545,0.5,0.5147347740667977,0.7752246691797081
xes3g5m,temporal,irt_1pl,2025,dense,R,340,1191744,0.6681499326347259,0.8001726880940874,0.4725267629590811
xes3g5m,temporal,irt_1pl,2025,medium,R,72,129494,0.5627990912114439,0.6283843266869508,0.6434108714956794
xes3g5m,temporal,irt_1pl,2025,sparse,R,11,10079,0.6906562971792076,0.8186328008731025,0.4716561241011713
xes3g5m,temporal,irt_1pl,2025,very_sparse,R,127,259426,0.5162446910469223,0.7689784370109395,0.6284037464019403
xes3g5m,temporal,irt_1pl,2026,dense,R,340,1191744,0.6669903810427487,0.7994577694538424,0.474274606466222
xes3g5m,temporal,irt_1pl,2026,medium,R,72,129494,0.5630305912938617,0.6280831544318656,0.643461205558435
xes3g5m,temporal,irt_1pl,2026,sparse,R,11,10079,0.690201050589216,0.8186328008731025,0.4719687569065379
xes3g5m,temporal,irt_1pl,2026,very_sparse,R,127,259426,0.5161753942243423,0.7689283263820897,0.6284404328397728
xes3g5m,temporal,irt_1pl,2027,dense,R,340,1191744,0.6687372917004542,0.7992823962193223,0.4733596612814526
xes3g5m,temporal,irt_1pl,2027,medium,R,72,129494,0.5619485490205675,0.6264151234806246,0.6456547528876746
xes3g5m,temporal,irt_1pl,2027,sparse,R,11,10079,0.6902477383467358,0.8182359361047723,0.471332460522964
xes3g5m,temporal,irt_1pl,2027,very_sparse,R,127,259426,0.5161432798069926,0.7689822916746972,0.6284556101652948
junyi,temporal,irt_1pl,2024,dense,R,1235,3072767,0.6483634711788565,0.7205938491268619,0.5691974067888517
junyi,temporal,irt_1pl,2024,medium,R,78,151597,0.6482558023703417,0.6217867108188156,0.6585811221780246
junyi,temporal,irt_1pl,2024,sparse,R,6,16206,0.6158995467771644,0.6703072935949649,0.6292538521450146
junyi,temporal,irt_1pl,2024,very_sparse,R,4,2545,0.5,0.5147347740667977,0.7752246691797081
junyi,temporal,irt_1pl,2025,dense,R,1235,3072767,0.6484840749572462,0.7207581961144467,0.5692246168188723
junyi,temporal,irt_1pl,2025,medium,R,78,151597,0.6484119482752584,0.6218065001286305,0.6582790800772182
junyi,temporal,irt_1pl,2025,sparse,R,6,16206,0.6178307614989537,0.6698136492657041,0.6292372880222418
junyi,temporal,irt_1pl,2025,very_sparse,R,4,2545,0.5,0.5147347740667977,0.7752246691797081
junyi,temporal,irt_1pl,2026,dense,R,1235,3072767,0.6482849949902453,0.7207985506222893,0.5692289429869064
junyi,temporal,irt_1pl,2026,medium,R,78,151597,0.6484616396229083,0.6224595473525202,0.6582046633438565
junyi,temporal,irt_1pl,2026,sparse,R,6,16206,0.6168694067509264,0.670122176971492,0.6290982640529046
junyi,temporal,irt_1pl,2026,very_sparse,R,4,2545,0.5,0.5147347740667977,0.7752246691797081
junyi,temporal,irt_1pl,2027,dense,R,1235,3072767,0.6485157816474582,0.7206654458343246,0.5692234664691392
junyi,temporal,irt_1pl,2027,medium,R,78,151597,0.6483998284429292,0.621628396340297,0.6582499671289582
junyi,temporal,irt_1pl,2027,sparse,R,6,16206,0.6158654598142204,0.6699370603480193,0.6291190937914851
junyi,temporal,irt_1pl,2027,very_sparse,R,4,2545,0.5,0.5147347740667977,0.7752246691797081
xes3g5m,temporal,dkt,42,dense,R,340,1191744,0.6679262388789932,0.7579631195961549,0.6028821500430835
xes3g5m,temporal,dkt,42,medium,R,72,129494,0.6214158599999314,0.6258745578945742,0.9268721385670332
xes3g5m,temporal,dkt,42,sparse,R,11,10079,0.6490477171816189,0.8227998809405696,0.5642897882223384
xes3g5m,temporal,dkt,42,very_sparse,R,127,259426,0.4780067515198984,0.5257221712550014,0.6878749915088418
junyi,temporal,dkt,42,dense,R,1235,3072767,0.7073433059093617,0.7238046360169841,0.5784243296138784
junyi,temporal,dkt,42,medium,R,78,151597,0.5562245188896736,0.5488697005877425,1.3060200183925863
junyi,temporal,dkt,42,sparse,R,6,16206,0.518347258259561,0.592990250524497,1.6869803978438558
junyi,temporal,dkt,42,very_sparse,R,4,2545,0.5902735111413295,0.5611001964636543,0.6862097388100993
junyi,temporal,simplekt,42,dense,R,1235,3072767,0.717793179147639,0.725934638063999,0.6235050173008877
junyi,temporal,simplekt,42,medium,R,78,151597,0.6435646970819779,0.6045700112799066,0.7853754609388974
junyi,temporal,simplekt,42,sparse,R,6,16206,0.6528753963455837,0.6562384302110329,0.7916607120027609
junyi,temporal,simplekt,42,very_sparse,R,4,2545,0.5052677936767933,0.550098231827112,0.7006872879840036
xes3g5m,temporal,simplekt,42,dense,R,340,1191744,0.6666082899432049,0.7516631088555932,0.8802521006363808
xes3g5m,temporal,simplekt,42,medium,R,72,129494,0.6135727823466814,0.6410953403246482,1.364835369801527
xes3g5m,temporal,simplekt,42,sparse,R,11,10079,0.6910607196401799,0.8285544200813573,0.9727175604827464
xes3g5m,temporal,simplekt,42,very_sparse,R,127,259426,0.501705974701962,0.5332194922636898,0.7647007384015686
junyi,temporal,dkt,2026,dense,R,1235,3072767,0.7051059879038605,0.7232315369177031,0.5931414696558577
junyi,temporal,dkt,2026,medium,R,78,151597,0.5743788410604598,0.5604332539562129,1.410276322518891
junyi,temporal,dkt,2026,sparse,R,6,16206,0.5468742725657966,0.6081081081081081,2.100655201849607
junyi,temporal,dkt,2026,very_sparse,R,4,2545,0.4571276694378342,0.4734774066797642,0.6974298612498302
junyi,temporal,dkt,2027,dense,R,1235,3072767,0.7055285512621358,0.7242631803843246,0.5927814211552588
junyi,temporal,dkt,2027,medium,R,78,151597,0.5697828590285092,0.5566930744012085,1.439680982151808
junyi,temporal,dkt,2027,sparse,R,6,16206,0.5365337429802368,0.5973713439466865,1.81717066491028
junyi,temporal,dkt,2027,very_sparse,R,4,2545,0.5355020551967117,0.5245579567779961,0.6923234474727915
xes3g5m,temporal,dkt,2026,dense,R,340,1191744,0.6701690286687133,0.7720282208259492,0.640865177734081
xes3g5m,temporal,dkt,2026,medium,R,72,129494,0.674464484115314,0.7010672309141737,0.9807933160482292
xes3g5m,temporal,dkt,2026,sparse,R,11,10079,0.5367564524119058,0.8171445579918643,1.012585730937026
xes3g5m,temporal,dkt,2026,very_sparse,R,127,259426,0.5025253326940106,0.4964382906879033,0.6895845609725738
xes3g5m,temporal,dkt,2024,dense,R,340,1191744,0.659390718353445,0.7524803984748403,0.6618785939396884
xes3g5m,temporal,dkt,2024,medium,R,72,129494,0.575814564734464,0.5922822679043045,1.255109407570124
xes3g5m,temporal,dkt,2024,sparse,R,11,10079,0.6409320743911261,0.8526639547574164,1.0838628261844647
xes3g5m,temporal,dkt,2024,very_sparse,R,127,259426,0.5106336901742099,0.5431953620685668,0.6808106947769978
xes3g5m,temporal,dkt,2025,dense,R,340,1191744,0.6658772740063228,0.7581871610010203,0.6550107687599804
xes3g5m,temporal,dkt,2025,medium,R,72,129494,0.629319804144063,0.6121364696433812,1.2436139513712583
xes3g5m,temporal,dkt,2025,sparse,R,11,10079,0.6409643053254841,0.8172437741839468,0.944860566802839
xes3g5m,temporal,dkt,2025,very_sparse,R,127,259426,0.5599497224550564,0.5366694163268139,0.6787422165156308
xes3g5m,temporal,dkt,2027,dense,R,340,1191744,0.6576975276338364,0.7605769359862521,0.6588930620219392
xes3g5m,temporal,dkt,2027,medium,R,72,129494,0.6014821118248239,0.5853012494787403,1.3971169002728272
xes3g5m,temporal,dkt,2027,sparse,R,11,10079,0.4911984976698713,0.7577140589344181,1.1816096455808058
xes3g5m,temporal,dkt,2027,very_sparse,R,127,259426,0.5095672423473894,0.5189765096790607,0.6925667094987903
junyi,temporal,dkt,2024,dense,R,1235,3072767,0.7097136292740556,0.7253595863272418,0.5815894721463796
junyi,temporal,dkt,2024,medium,R,78,151597,0.5736777284691186,0.5598923461546073,1.3955145618773834
junyi,temporal,dkt,2024,sparse,R,6,16206,0.572068650416709,0.606133530791065,1.5699245474914665
junyi,temporal,dkt,2024,very_sparse,R,4,2545,0.399983929288871,0.443614931237721,0.7043496874522295
junyi,temporal,dkt,2025,dense,R,1235,3072767,0.7059944157481606,0.7236559101292093,0.5898727687895743
junyi,temporal,dkt,2025,medium,R,78,151597,0.5707851252690236,0.55833558711584,1.413037612777622
junyi,temporal,dkt,2025,sparse,R,6,16206,0.5627292932476153,0.6029865481920277,1.5737040860928264
junyi,temporal,dkt,2025,very_sparse,R,4,2545,0.560258367586612,0.524950884086444,0.687250987024493
junyi,temporal,simplekt,2024,dense,R,1235,3072767,0.712664018608425,0.7211848474030085,0.6845879471273311
junyi,temporal,simplekt,2024,medium,R,78,151597,0.6440690536953908,0.6055133017144139,0.8122460865585952
junyi,temporal,simplekt,2024,sparse,R,6,16206,0.5722103739014489,0.5821300752807602,1.1135779710425522
junyi,temporal,simplekt,2024,very_sparse,R,4,2545,0.3716861884599932,0.3941060903732809,0.7023077064517235
junyi,temporal,simplekt,2025,dense,R,1235,3072767,0.7150128506889655,0.7221149537208646,0.6644693661233181
junyi,temporal,simplekt,2025,medium,R,78,151597,0.6528682338743963,0.6136269187384975,0.8145716331387275
junyi,temporal,simplekt,2025,sparse,R,6,16206,0.6382010496307338,0.6361841293348143,0.8235144052192855
junyi,temporal,simplekt,2025,very_sparse,R,4,2545,0.5365531415149736,0.5394891944990177,0.6906772505992167
junyi,temporal,simplekt,2026,dense,R,1235,3072767,0.7133296303398626,0.7230912724589922,0.6729607549323335
junyi,temporal,simplekt,2026,medium,R,78,151597,0.6478025856121541,0.6091281489739243,0.8213625920966324
junyi,temporal,simplekt,2026,sparse,R,6,16206,0.5881662516969783,0.6111316796248303,0.9396373332110396
junyi,temporal,simplekt,2026,very_sparse,R,4,2545,0.4867670055938436,0.5540275049115914,0.6956914716224112
junyi,temporal,simplekt,2027,dense,R,1235,3072767,0.7112079167776093,0.7180850354094535,0.6754792264487072
junyi,temporal,simplekt,2027,medium,R,78,151597,0.64168524240082,0.6059948415865749,0.7950136384168076
junyi,temporal,simplekt,2027,sparse,R,6,16206,0.5972881888722945,0.6114402073306183,0.912320181314761
junyi,temporal,simplekt,2027,very_sparse,R,4,2545,0.5493333745402849,0.5532416502946955,0.6906876800678081
xes3g5m,temporal,simplekt,2024,dense,R,340,1191744,0.6602405171612126,0.7478241971430106,1.0012565160035054
xes3g5m,temporal,simplekt,2024,medium,R,72,129494,0.6193422470903326,0.66108082227748,1.7426395956669842
xes3g5m,temporal,simplekt,2024,sparse,R,11,10079,0.7006419075208898,0.82905050104177,1.4192992538720162
xes3g5m,temporal,simplekt,2024,very_sparse,R,127,259426,0.5400498655150946,0.5355245811907827,0.7028272938923643
xes3g5m,temporal,simplekt,2025,dense,R,340,1191744,0.6582307114678132,0.7476026730573009,0.9944640962798093
xes3g5m,temporal,simplekt,2025,medium,R,72,129494,0.6571850965424997,0.6969125982671012,1.325552068472006
xes3g5m,temporal,simplekt,2025,sparse,R,11,10079,0.7151968568818737,0.7904554023216589,1.1178798389728872
xes3g5m,temporal,simplekt,2025,very_sparse,R,127,259426,0.5011485444969982,0.5487422232158689,0.6949664504077564
xes3g5m,temporal,simplekt,2026,dense,R,340,1191744,0.6744047483459459,0.7514373892379571,0.9655634405027288
xes3g5m,temporal,simplekt,2026,medium,R,72,129494,0.6236903956334248,0.632369067292693,1.7659851105424842
xes3g5m,temporal,simplekt,2026,sparse,R,11,10079,0.720451727807425,0.8005754539140788,1.1475882586843418
xes3g5m,temporal,simplekt,2026,very_sparse,R,127,259426,0.5860731625960981,0.6264214072606447,0.6674077024316273
xes3g5m,temporal,simplekt,2027,dense,R,340,1191744,0.6714208369652006,0.7496803004672145,0.9400741691707726
xes3g5m,temporal,simplekt,2027,medium,R,72,129494,0.6003352131996159,0.6317821675135528,1.6726363329880136
xes3g5m,temporal,simplekt,2027,sparse,R,11,10079,0.6952856340623395,0.8006746701061613,1.0255547829708394
xes3g5m,temporal,simplekt,2027,very_sparse,R,127,259426,0.5591670412415517,0.6004756655076977,0.6559504939517842
assist2012,learner_based,irt_1pl,2026,dense,R,147,521974,0.5,0.6997915604991819,0.6110706636172645
assist2012,learner_based,irt_1pl,2026,medium,R,68,6280,0.5,0.5176751592356688,0.7621299478372988
assist2012,learner_based,irt_1pl,2026,sparse,L,38,407,0.5,0.6584766584766585,0.6453399522911212
assist2012,learner_based,irt_1pl,2026,very_sparse,I,7,20,0.5,0.35,0.9012107190357742
junyi,learner_based,irt_1pl,2026,dense,R,1293,3241826,0.5,0.7037774390112239,0.6076305280114895
junyi,learner_based,irt_1pl,2026,medium,R,33,2668,0.5,0.573088455772114,0.720338865023808
xes3g5m,learner_based,irt_1pl,2026,dense,R,498,1270246,0.5,0.7945476702937856,0.5631094624171492
xes3g5m,learner_based,irt_1pl,2026,medium,R,172,12639,0.5,0.7805997309913759,0.5712606812876967
xes3g5m,learner_based,irt_1pl,2026,sparse,R,122,1902,0.5,0.749211356466877,0.5896041444468535
xes3g5m,learner_based,irt_1pl,2026,very_sparse,I,38,90,0.5,0.7222222222222222,0.6053766779792272
assist2012,learner_based,irt_1pl,2027,dense,R,147,509775,0.5,0.6988161443774215,0.6118829113856372
assist2012,learner_based,irt_1pl,2027,medium,R,68,5756,0.5,0.5361362056984017,0.7466290004540281
assist2012,learner_based,irt_1pl,2027,sparse,L,39,337,0.5,0.6676557863501483,0.6376927095220278
assist2012,learner_based,irt_1pl,2027,very_sparse,I,6,21,0.5,0.5238095238095238,0.75683906193551
junyi,learner_based,irt_1pl,2027,dense,R,1293,3159173,0.5,0.7056707562390537,0.6060051822478287
junyi,learner_based,irt_1pl,2027,medium,R,33,4375,0.5,0.5938285714285715,0.7021593437004899
xes3g5m,learner_based,irt_1pl,2027,dense,R,498,1271065,0.5,0.7940482980807433,0.5636113236253781
xes3g5m,learner_based,irt_1pl,2027,medium,R,172,12805,0.5,0.7808668488871534,0.5712964049999846
xes3g5m,learner_based,irt_1pl,2027,sparse,R,122,1865,0.5,0.7485254691689008,0.5901521568411924
xes3g5m,learner_based,irt_1pl,2027,very_sparse,L,48,127,0.5,0.7322834645669292,0.5996216108609811
assist2012,learner_based,dkt,2026,dense,R,147,521974,0.6971573325612032,0.719236973489101,0.5822838261695412
assist2012,learner_based,dkt,2026,medium,R,68,6280,0.7557257695247591,0.6869426751592357,0.9105247596413082
assist2012,learner_based,dkt,2026,sparse,L,38,407,0.7427386449049715,0.7272727272727273,1.3312716548593395
assist2012,learner_based,dkt,2026,very_sparse,I,7,20,0.8241758241758241,0.65,0.4676276390761182
assist2012,learner_based,dkt,2027,dense,R,147,509775,0.6946613516739102,0.7164219508606738,0.5866818915054839
assist2012,learner_based,dkt,2027,medium,R,68,5756,0.7590466550641899,0.686761640027797,0.9015201905086404
assist2012,learner_based,dkt,2027,sparse,L,39,337,0.7221626984126984,0.7032640949554896,1.291066591073856
assist2012,learner_based,dkt,2027,very_sparse,I,6,21,0.8727272727272728,0.7619047619047619,0.7105720471594668
junyi,learner_based,dkt,2026,dense,R,1293,3241826,0.7298543963921768,0.7330214514906105,0.5481036557861928
junyi,learner_based,dkt,2026,medium,R,33,2668,0.5706168882437349,0.5584707646176912,1.150721278469698
junyi,learner_based,dkt,2027,dense,R,1293,3159173,0.7325319172227301,0.7355453468360232,0.5430466090442144
junyi,learner_based,dkt,2027,medium,R,33,4375,0.617200235842211,0.5869714285714286,1.1199214703391829
xes3g5m,learner_based,dkt,2026,dense,R,498,1270246,0.8137326148786052,0.8295975740132226,0.3999964282825279
xes3g5m,learner_based,dkt,2026,medium,R,172,12639,0.8483561805364623,0.8325025714059656,0.6210711771040518
xes3g5m,learner_based,dkt,2026,sparse,R,122,1902,0.8584133289197838,0.8275499474237644,0.908788222662832
xes3g5m,learner_based,dkt,2026,very_sparse,I,38,90,0.8083076923076922,0.7333333333333333,1.3225369095207595
xes3g5m,learner_based,dkt,2027,dense,R,498,1271065,0.814430942109044,0.8292778103401478,0.4000773959702103
xes3g5m,learner_based,dkt,2027,medium,R,172,12805,0.8523576163746096,0.8356891839125342,0.610928028449824
xes3g5m,learner_based,dkt,2027,sparse,R,122,1865,0.8476495439299614,0.8187667560321715,0.971554106276746
xes3g5m,learner_based,dkt,2027,very_sparse,L,48,127,0.7860531309297913,0.7322834645669292,1.3711118984858066
assist2012,learner_based,simplekt,2026,dense,R,147,521974,0.6853599792014767,0.7042055734576818,0.701115978356242
assist2012,learner_based,simplekt,2026,medium,R,68,6280,0.7454281025245653,0.6786624203821656,0.8373579596183904
assist2012,learner_based,simplekt,2026,sparse,L,38,407,0.7220954579619886,0.7051597051597052,1.0964184474441026
assist2012,learner_based,simplekt,2026,very_sparse,I,7,20,0.7362637362637362,0.7,1.1790181979150351
assist2012,learner_based,simplekt,2027,dense,R,147,509775,0.6840048902068672,0.7023883085675052,0.7078783907893192
assist2012,learner_based,simplekt,2027,medium,R,68,5756,0.7641317803490938,0.7003127171646977,0.8147876909870958
assist2012,learner_based,simplekt,2027,sparse,L,39,337,0.6995238095238094,0.6973293768545994,1.176112386830713
assist2012,learner_based,simplekt,2027,very_sparse,I,6,21,0.7636363636363636,0.7142857142857143,1.111618015009981
junyi,learner_based,simplekt,2026,dense,R,1293,3241826,0.7183385592979847,0.7219786009489714,0.6448618035829067
junyi,learner_based,simplekt,2026,medium,R,33,2668,0.672702926333209,0.626311844077961,0.7126500208039198
junyi,learner_based,simplekt,2027,dense,R,1293,3159173,0.719845316268583,0.726542357762617,0.6167745530498693
junyi,learner_based,simplekt,2027,medium,R,33,4375,0.6740178909104142,0.6390857142857143,0.7025595362803851
xes3g5m,learner_based,simplekt,2026,dense,R,498,1270246,0.7549950572036286,0.8023910329180332,0.6324159972753842
xes3g5m,learner_based,simplekt,2026,medium,R,172,12639,0.8299994721917034,0.8362212200332305,0.6410821366259737
xes3g5m,learner_based,simplekt,2026,sparse,R,122,1902,0.8561741880907721,0.825446898002103,0.6483627503376462
xes3g5m,learner_based,simplekt,2026,very_sparse,I,38,90,0.8086153846153847,0.8111111111111111,0.9787641129344612
xes3g5m,learner_based,simplekt,2027,dense,R,498,1271065,0.7526048882585745,0.8023067270359895,0.6381850021412869
xes3g5m,learner_based,simplekt,2027,medium,R,172,12805,0.8384766131638111,0.8322530261616556,0.6431071377763915
xes3g5m,learner_based,simplekt,2027,sparse,R,122,1865,0.8457418698566113,0.8134048257372655,0.7593150016532942
xes3g5m,learner_based,simplekt,2027,very_sparse,L,48,127,0.8029728020240354,0.7952755905511811,1.0067719114730604
